Model,Fold,Accuracy,Precision,Recall,F1_Score
SVM,1,0.7443396226415094,0.8877338877338877,0.6630434782608695,0.7591111111111111
SVM,2,0.7518867924528302,0.8534322820037106,0.7142857142857143,0.7776838546069316
SVM,3,0.7377358490566037,0.8426966292134831,0.6987577639751553,0.7640067911714771
SVM,4,0.7075471698113207,0.8236434108527132,0.6599378881987578,0.7327586206896551
SVM,5,0.7471698113207547,0.8777555110220441,0.6790697674418604,0.7657342657342657
