Model,Fold,Accuracy,Precision,Recall,F1_Score
DecisionTree,1,0.6981132075471698,0.7477064220183486,0.7593167701863354,0.7534668721109399
DecisionTree,2,0.7122641509433962,0.75642965204236,0.7763975155279503,0.7662835249042146
DecisionTree,3,0.7122641509433962,0.7541229385307346,0.781055900621118,0.7673531655225019
DecisionTree,4,0.689622641509434,0.7354260089686099,0.7639751552795031,0.7494287890327495
DecisionTree,5,0.6962264150943396,0.7450682852807283,0.7612403100775194,0.7530674846625767
