Model,Fold,Accuracy,Precision,Recall,F1_Score
MLP,1,0.7556603773584906,0.8532110091743119,0.7220496894409938,0.7821698906644239
MLP,2,0.7528301886792453,0.8386524822695035,0.734472049689441,0.7831125827814569
MLP,3,0.7367924528301887,0.8385899814471243,0.7018633540372671,0.7641589180050719
MLP,4,0.7113207547169811,0.7665615141955836,0.7546583850931677,0.7605633802816901
MLP,5,0.7547169811320755,0.8493647912885662,0.7255813953488373,0.782608695652174
