Accuracy,F1,Precision,Recall,ROC_AUC
0.84,0.6,1.0,0.42857142857142855,0.8650793650793651
