Model,Fold,Accuracy,Precision,Recall,F1_Score
RandomForest,1,0.719811320754717,0.785831960461285,0.7406832298136646,0.762589928057554
RandomForest,2,0.7330188679245283,0.7869634340222575,0.7686335403726708,0.7776904948939513
RandomForest,3,0.730188679245283,0.7896440129449838,0.7577639751552795,0.7733755942947702
RandomForest,4,0.7132075471698113,0.7768729641693811,0.7406832298136646,0.7583465818759937
RandomForest,5,0.6981132075471698,0.759170653907496,0.737984496124031,0.7484276729559748
